{
  "17": {
    "number_of_nodes": 73,
    "number_of_edges": 73,
    "density": 0.027777777777777776,
    "clustering_coefficient": 0.0,
    "assortativity_coefficient": -0.9863013698630135,
    "degree_centrality": {
      "0xdc0046b52e2e38aee2271b6171ebb65ccd337518": 1.0277777777777777,
      "0xb02648091da9e0aacdd9f5cb9080c4893cad6c4e": 0.013888888888888888,
      "0x5750eee64da00111fba4e3c3e0fdff99edf08eb0": 0.013888888888888888,
      "0x2e60cf74d81ac34eb21eeff58db4d385920ef419": 0.013888888888888888,
      "0x8b2bc1aa673aae1ec9c75704f9ad2a475804cec8": 0.013888888888888888,
      "0xc2e301d9250c38f843a7d20e3828a97195adde60": 0.013888888888888888,
      "0xa50b492d4e5f4e5e59caeb09dc3c0f867e75eac3": 0.013888888888888888,
      "0x9ca9e37dcf240c65590307d44b2a0ea92bd79651": 0.013888888888888888,
      "0xfb5d1d457eea502166b153afbeb813bcdf1498d6": 0.013888888888888888,
      "0xfdeb0b9e098fe9ca234c92deb157a758cad8e1f7": 0.013888888888888888,
      "0x983dd5e5ce0f33774f49666e00d6a820ff8d8a07": 0.013888888888888888,
      "0x9f602be144f217160672a9a512de685308aaaa69": 0.013888888888888888,
      "0x8197b9b1679b983e7c3c02fa439f8ebdf39deb51": 0.013888888888888888,
      "0x19b703f65aa7e1e775bd06c2aa0d0d08c80f1c45": 0.013888888888888888,
      "0xad9c46a9ab1a96ef80001cc5c153cc4b58232da3": 0.013888888888888888,
      "0x0a992d191deec32afe36203ad87d7d289a738f81": 0.013888888888888888,
      "0x79af508c9698076bc1c2dfa224f7829e9768b11e": 0.013888888888888888,
      "0x67430642c0c3b5e6538049b9e9ee719f2a4bee7c": 0.013888888888888888,
      "0x1190b8404db76ba7a08e83b6a3004d0f8458537d": 0.013888888888888888,
      "0xd1cd4c9326def37ad017e923cb90b9f5f274cadb": 0.013888888888888888,
      "0x61ceac48136d6782dbd83c09f51e23514d12470a": 0.013888888888888888,
      "0xdeed78369a6161824f021b86d4bb7ead3c972d7f": 0.013888888888888888,
      "0xd56dac73a4d6766464b38ec6d91eb45ce7457c44": 0.013888888888888888,
      "0xbbc53022af15bb973ad906577c84784c47c14371": 0.013888888888888888,
      "0xe719a7dbac4081b04d22e0437ae6bbcccc0a2f71": 0.013888888888888888,
      "0xe30d9338e3ef73797bbb9ab912db740cc65e304a": 0.013888888888888888,
      "0x0ab346a16cea1b1363b20430c414eab7bc179324": 0.013888888888888888,
      "0x941a6d105802cccaa06de58a13a6f49ebdcd481c": 0.013888888888888888,
      "0x0c7d4bda40cf78f9f1baf6e3d5774f1e22c9cc4b": 0.013888888888888888,
      "0xaa29b90086c8fabe392d1dc9674f466df9e5a726": 0.013888888888888888,
      "0x8341745ff0d0affaceb005928ba06b4aa37166fe": 0.013888888888888888,
      "0x200c142d18892ce0589e2bd93617a524692ac5e3": 0.013888888888888888,
      "0xd657923768db30ab2fcf70b1acc404f0b2ae8320": 0.013888888888888888,
      "0xf53bbfbff01c50f2d42d542b09637dca97935ff7": 0.013888888888888888,
      "0x78e084445c3f1006617e1f36794dd2261ece4ae3": 0.013888888888888888,
      "0xa5a59f3505e9cd8b541d0157d120ac22a2fbbb77": 0.013888888888888888,
      "0x0fc584529a2aefa997697fafacba5831fac0c22d": 0.013888888888888888,
      "0xde4808f959d642754dac6c18ef2f082940080373": 0.013888888888888888,
      "0x9069f84ee64be4eb008700ee004200006ac38e00": 0.013888888888888888,
      "0x998c774a7af890689f2acaf096ca76bb8556b132": 0.013888888888888888,
      "0x36f20faf3785d226bf5478f9b271a7077859b5a9": 0.013888888888888888,
      "0x51e91b64f36a0169986f8a1fdca70fca212f399c": 0.013888888888888888,
      "0x4adc8cc149a03f44386bee80bab36f9e8022b195": 0.013888888888888888,
      "0x56f794c1240ed3d1425999133090134d0553aa19": 0.013888888888888888,
      "0xb8132792b4500acb783d7d6fcedd6b5c91f55acd": 0.013888888888888888,
      "0x4649b7d433ee4ba472fd76073b07f082d8b18e9b": 0.013888888888888888,
      "0x02d9cc72bc796d2128e58c04b6e50a4e101c0be1": 0.013888888888888888,
      "0xd56a61ad1b16f1f0326785902593c7adbf733e34": 0.013888888888888888,
      "0x7255e01f934307ffb7a41fc78b6b1688f5dc6845": 0.013888888888888888,
      "0x1c51abab1160879e697733124da80e4072590bbd": 0.013888888888888888,
      "0xf24629fbb477e10f2cf331c2b7452d8596b5c7a5": 0.013888888888888888,
      "0xbdb8e1bdb1c94654a99d4e70b55c8f4a7fefac91": 0.013888888888888888,
      "0x00000000a50bb64b4bbeceb18715748dface08af": 0.013888888888888888,
      "0x6694f20f82a74e76c3630621218267d3a5be2b3c": 0.013888888888888888,
      "0x30414a46d9c13df388c6ae53ae53e714a8eaf59d": 0.013888888888888888,
      "0xf3da20dbc6909be4ca203bb7d7d5a8802278e769": 0.013888888888888888,
      "0xeca0537d100ef52427791b289e3eee1d675d7cc5": 0.013888888888888888,
      "0xd736d2c76fba2ba5a217fd4edfa1b231deeeb29d": 0.013888888888888888,
      "0x693fb04d603d800fa9456a02564ba060da8939fc": 0.013888888888888888,
      "0x77f6c1385ebd43ebe2b2de51c3e5d52cd4651278": 0.013888888888888888,
      "0x23826fd930916718a98a21ff170088fbb4c30803": 0.013888888888888888,
      "0x7f9c733d83b0942ae9172f74ec806c32891ddc34": 0.013888888888888888,
      "0x31d316f721564fed37a7508d00cead2604a845d6": 0.013888888888888888,
      "0xc47192e48f75b612c792833c8b54ad6be319af90": 0.013888888888888888,
      "0xda816459f1ab5631232fe5e97a05bbbb94970c95": 0.013888888888888888,
      "0xa530a97e23236c94512d9b6a53be33c4b341aefb": 0.013888888888888888,
      "0xd0c215a3a24cea5b0cd230231e7be68f4d4b5d28": 0.013888888888888888,
      "0x33d136c1501709ee020d7a8ca56d44dacb15e227": 0.013888888888888888,
      "0x0dc0e81ee49ef53eb2ebfac82c9a7d7a0a811b57": 0.013888888888888888,
      "0x70c58b28f5e39da89bee0e6e8623e3faf51f0ed1": 0.013888888888888888,
      "0x981e7544abeb923b5be06b2a6dc63e4e00ef196d": 0.013888888888888888,
      "0x01be3102f2482b4aac6298dd81cd4f29fe670b81": 0.013888888888888888,
      "0x52fcd2e55bb7eb78ff83b6a5648d452b5671cec4": 0.013888888888888888
    },
    "betweenness_centrality": {
      "0xdc0046b52e2e38aee2271b6171ebb65ccd337518": 1.0,
      "0xb02648091da9e0aacdd9f5cb9080c4893cad6c4e": 0.0,
      "0x5750eee64da00111fba4e3c3e0fdff99edf08eb0": 0.0,
      "0x2e60cf74d81ac34eb21eeff58db4d385920ef419": 0.0,
      "0x8b2bc1aa673aae1ec9c75704f9ad2a475804cec8": 0.0,
      "0xc2e301d9250c38f843a7d20e3828a97195adde60": 0.0,
      "0xa50b492d4e5f4e5e59caeb09dc3c0f867e75eac3": 0.0,
      "0x9ca9e37dcf240c65590307d44b2a0ea92bd79651": 0.0,
      "0xfb5d1d457eea502166b153afbeb813bcdf1498d6": 0.0,
      "0xfdeb0b9e098fe9ca234c92deb157a758cad8e1f7": 0.0,
      "0x983dd5e5ce0f33774f49666e00d6a820ff8d8a07": 0.0,
      "0x9f602be144f217160672a9a512de685308aaaa69": 0.0,
      "0x8197b9b1679b983e7c3c02fa439f8ebdf39deb51": 0.0,
      "0x19b703f65aa7e1e775bd06c2aa0d0d08c80f1c45": 0.0,
      "0xad9c46a9ab1a96ef80001cc5c153cc4b58232da3": 0.0,
      "0x0a992d191deec32afe36203ad87d7d289a738f81": 0.0,
      "0x79af508c9698076bc1c2dfa224f7829e9768b11e": 0.0,
      "0x67430642c0c3b5e6538049b9e9ee719f2a4bee7c": 0.0,
      "0x1190b8404db76ba7a08e83b6a3004d0f8458537d": 0.0,
      "0xd1cd4c9326def37ad017e923cb90b9f5f274cadb": 0.0,
      "0x61ceac48136d6782dbd83c09f51e23514d12470a": 0.0,
      "0xdeed78369a6161824f021b86d4bb7ead3c972d7f": 0.0,
      "0xd56dac73a4d6766464b38ec6d91eb45ce7457c44": 0.0,
      "0xbbc53022af15bb973ad906577c84784c47c14371": 0.0,
      "0xe719a7dbac4081b04d22e0437ae6bbcccc0a2f71": 0.0,
      "0xe30d9338e3ef73797bbb9ab912db740cc65e304a": 0.0,
      "0x0ab346a16cea1b1363b20430c414eab7bc179324": 0.0,
      "0x941a6d105802cccaa06de58a13a6f49ebdcd481c": 0.0,
      "0x0c7d4bda40cf78f9f1baf6e3d5774f1e22c9cc4b": 0.0,
      "0xaa29b90086c8fabe392d1dc9674f466df9e5a726": 0.0,
      "0x8341745ff0d0affaceb005928ba06b4aa37166fe": 0.0,
      "0x200c142d18892ce0589e2bd93617a524692ac5e3": 0.0,
      "0xd657923768db30ab2fcf70b1acc404f0b2ae8320": 0.0,
      "0xf53bbfbff01c50f2d42d542b09637dca97935ff7": 0.0,
      "0x78e084445c3f1006617e1f36794dd2261ece4ae3": 0.0,
      "0xa5a59f3505e9cd8b541d0157d120ac22a2fbbb77": 0.0,
      "0x0fc584529a2aefa997697fafacba5831fac0c22d": 0.0,
      "0xde4808f959d642754dac6c18ef2f082940080373": 0.0,
      "0x9069f84ee64be4eb008700ee004200006ac38e00": 0.0,