{
  "24": {
    "number_of_nodes": 33,
    "number_of_edges": 33,
    "density": 0.0625,
    "clustering_coefficient": 0.0,
    "assortativity_coefficient": -0.9696969696969698,
    "degree_centrality": {
      "0x54fdaad569287e317d2410fed359b831cc476888": 0.03125,
      "0x381aafa2e868f0980fbd1c9343916bd9c1a8ef32": 0.03125,
      "0x71978bc04c999991552de5ded64ee6140121f281": 0.03125,
      "0x5461707e13a5090e51a274f0ad7389d0bbf2b078": 1.0625,
      "0xe4cfae3aa41115cb94cff39bb5dbae8bd0ea9d41": 0.03125,
      "0x9d275ee7bbc939fcb6253c40c2cb070b59f99b07": 0.03125,
      "0x4700325ff1075bd657237b6650db53a076b92c23": 0.03125,
      "0xfdd7399e22918ba7234f5568cc2ef922489f7ba6": 0.03125,
      "0x26eeb71350d60466ab18c8cbac1ea2d58c39c140": 0.03125,
      "0xd40975e347501e2b32199ca11d96adb3114e7ec8": 0.03125,
      "0x33ebb62dc9ddbf6b8f3c0efdf5bccc2e7ac60211": 0.03125,
      "0x843e9fd5a5c00c50620874164197f83baeee9c35": 0.03125,
      "0xc49fb55d30d655d0142f8b9f7fbec529c5e84788": 0.03125,
      "0x52dff591fc992de2793504bdfa19a9e702c87904": 0.03125,
      "0x54e0395cfb4f39bef66dbcd5bd93cca4e9273d56": 0.03125,
      "0x417c25069aab4f5b9b8992d67c91d644fee843d9": 0.03125,
      "0xb333d769c880988fde317daa1d6851ef54b09713": 0.03125,
      "0xba134c73df2502b7a08e29e47e11beab0e23e5e9": 0.03125,
      "0xb772ce9f14fc7c7db0d4525adb9349fbd7ce456a": 0.03125,
      "0xb091913861cc5e70668729144cfb8c611a4004f0": 0.03125,
      "0x18c7766a10df15df8c971f6e8c1d2bba7c7a410b": 0.03125,
      "0x19a0d8b3ffcec4a35a6cd32d080699570a97f10c": 0.03125,
      "0x00000000000076a84fef008cdabe6409d2fe638b": 0.03125,
      "0xdcefafcf676d6ed294ac8ec106420224bd49dcf6": 0.03125,
      "0x1acc4a38412aea133881efc269999db51d9f4010": 0.03125,
      "0x6a191c11fbf567bb19f554393662da80d269be91": 0.03125,
      "0x27d03736da233a74723bb40592d0ffc968a6d63c": 0.03125,
      "0x8fa015ae1f940908e508a12b3947a23bc878d9a0": 0.03125,
      "0x5e56a0adc0bac550601e4afff7693ca1a2ca582a": 0.03125,
      "0xbd05571c7b394051e5dc35c2d9564c7660f24d6a": 0.03125,
      "0x2c507a0bfe50054bf3e97163c73e9790d962ed95": 0.03125,
      "0xd48c6a5c3046a29a57dad9b6453769c674b7d22f": 0.03125,
      "0x2b5dd266ff7de65c837bfc722729af3c9b18a90c": 0.03125
    },
    "betweenness_centrality": {
      "0x54fdaad569287e317d2410fed359b831cc476888": 0.0,
      "0x381aafa2e868f0980fbd1c9343916bd9c1a8ef32": 0.0,
      "0x71978bc04c999991552de5ded64ee6140121f281": 0.0,
      "0x5461707e13a5090e51a274f0ad7389d0bbf2b078": 1.0,
      "0xe4cfae3aa41115cb94cff39bb5dbae8bd0ea9d41": 0.0,
      "0x9d275ee7bbc939fcb6253c40c2cb070b59f99b07": 0.0,
      "0x4700325ff1075bd657237b6650db53a076b92c23": 0.0,
      "0xfdd7399e22918ba7234f5568cc2ef922489f7ba6": 0.0,
      "0x26eeb71350d60466ab18c8cbac1ea2d58c39c140": 0.0,
      "0xd40975e347501e2b32199ca11d96adb3114e7ec8": 0.0,
      "0x33ebb62dc9ddbf6b8f3c0efdf5bccc2e7ac60211": 0.0,
      "0x843e9fd5a5c00c50620874164197f83baeee9c35": 0.0,
      "0xc49fb55d30d655d0142f8b9f7fbec529c5e84788": 0.0,
      "0x52dff591fc992de2793504bdfa19a9e702c87904": 0.0,
      "0x54e0395cfb4f39bef66dbcd5bd93cca4e9273d56": 0.0,
      "0x417c25069aab4f5b9b8992d67c91d644fee843d9": 0.0,
      "0xb333d769c880988fde317daa1d6851ef54b09713": 0.0,
      "0xba134c73df2502b7a08e29e47e11beab0e23e5e9": 0.0,
      "0xb772ce9f14fc7c7db0d4525adb9349fbd7ce456a": 0.0,
      "0xb091913861cc5e70668729144cfb8c611a4004f0": 0.0,
      "0x18c7766a10df15df8c971f6e8c1d2bba7c7a410b": 0.0,
      "0x19a0d8b3ffcec4a35a6cd32d080699570a97f10c": 0.0,
      "0x00000000000076a84fef008cdabe6409d2fe638b": 0.0,
      "0xdcefafcf676d6ed294ac8ec106420224bd49dcf6": 0.0,
      "0x1acc4a38412aea133881efc269999db51d9f4010": 0.0,
      "0x6a191c11fbf567bb19f554393662da80d269be91": 0.0,
      "0x27d03736da233a74723bb40592d0ffc968a6d63c": 0.0,
      "0x8fa015ae1f940908e508a12b3947a23bc878d9a0": 0.0,
      "0x5e56a0adc0bac550601e4afff7693ca1a2ca582a": 0.0,
      "0xbd05571c7b394051e5dc35c2d9564c7660f24d6a": 0.0,
      "0x2c507a0bfe50054bf3e97163c73e9790d962ed95": 0.0,
      "0xd48c6a5c3046a29a57dad9b6453769c674b7d22f": 0.0,
      "0x2b5dd266ff7de65c837bfc722729af3c9b18a90c": 0.0
    },
    "closeness_centrality": {
      "0x54fdaad569287e317d2410fed359b831cc476888": 0.5079365079365079,
      "0x381aafa2e868f0980fbd1c9343916bd9c1a8ef32": 0.5079365079365079,
      "0x71978bc04c999991552de5ded64ee6140121f281": 0.5079365079365079,
      "0x5461707e13a5090e51a274f0ad7389d0bbf2b078": 1.0,
      "0xe4cfae3aa41115cb94cff39bb5dbae8bd0ea9d41": 0.5079365079365079,
      "0x9d275ee7bbc939fcb6253c40c2cb070b59f99b07": 0.5079365079365079,
      "0x4700325ff1075bd657237b6650db53a076b92c23": 0.5079365079365079,
      "0xfdd7399e22918ba7234f5568cc2ef922489f7ba6": 0.5079365079365079,
      "0x26eeb71350d60466ab18c8cbac1ea2d58c39c140": 0.5079365079365079,
      "0xd40975e347501e2b32199ca11d96adb3114e7ec8": 0.5079365079365079,
      "0x33ebb62dc9ddbf6b8f3c0efdf5bccc2e7ac60211": 0.5079365079365079,
      "0x843e9fd5a5c00c50620874164197f83baeee9c35": 0.5079365079365079,
      "0xc49fb55d30d655d0142f8b9f7fbec529c5e84788": 0.5079365079365079,
      "0x52dff591fc992de2793504bdfa19a9e702c87904": 0.5079365079365079,
      "0x54e0395cfb4f39bef66dbcd5bd93cca4e9273d56": 0.5079365079365079,
      "0x417c25069aab4f5b9b8992d67c91d644fee843d9": 0.5079365079365079,
      "0xb333d769c880988fde317daa1d6851ef54b09713": 0.5079365079365079,
      "0xba134c73df2502b7a08e29e47e11beab0e23e5e9": 0.5079365079365079,
      "0xb772ce9f14fc7c7db0d4525adb9349fbd7ce456a": 0.5079365079365079,
      "0xb091913861cc5e70668729144cfb8c611a4004f0": 0.5079365079365079,
      "0x18c7766a10df15df8c971f6e8c1d2bba7c7a410b": 0.5079365079365079,
      "0x19a0d8b3ffcec4a35a6cd32d080699570a97f10c": 0.5079365079365079,
      "0x00000000000076a84fef008cdabe6409d2fe638b": 0.5079365079365079,
      "0xdcefafcf676d6ed294ac8ec106420224bd49dcf6": 0.5079365079365079,
      "0x1acc4a38412aea133881efc269999db51d9f4010": 0.5079365079365079,
      "0x6a191c11fbf567bb19f554393662da80d269be91": 0.5079365079365079,
      "0x27d03736da233a74723bb40592d0ffc968a6d63c": 0.5079365079365079,
      "0x8fa015ae1f940908e508a12b3947a23bc878d9a0": 0.5079365079365079,
      "0x5e56a0adc0bac550601e4afff7693ca1a2ca582a": 0.5079365079365079,
      "0xbd05571c7b394051e5dc35c2d9564c7660f24d6a": 0.5079365079365079,
      "0x2c507a0bfe50054bf3e97163c73e9790d962ed95": 0.5079365079365079,
      "0xd48c6a5c3046a29a57dad9b6453769c674b7d22f": 0.5079365079365079,
      "0x2b5dd266ff7de65c837bfc722729af3c9b18a90c": 0.5079365079365079
    }
  }
}