{
  "30": {
    "number_of_nodes": 48,
    "number_of_edges": 47,
    "density": 0.041666666666666664,
    "clustering_coefficient": 0.0,
    "assortativity_coefficient": -1.0,
    "degree_centrality": {
      "0xb99eb8e2a7bcb00668281de259b0565f76efaec5": 0.02127659574468085,
      "0x7e2a5f7e62c835f24668d322c9e328fa4a54398d": 0.02127659574468085,
      "0x4cf76ad9b2805f97d376ecaaa9af7fe0e6bdc400": 0.02127659574468085,
      "0xc64852cebd68256d0517f4ce41ac1e9773c8a265": 0.02127659574468085,
      "0xb3921b34b3407fa1a1661ae7cc81af210f32a12b": 0.02127659574468085,
      "0xd19b86369f0da8692774773e84d5a01394c02cf7": 0.02127659574468085,
      "0xc34022360567f84885516d2d5e3a1718b9190215": 0.02127659574468085,
      "0x5cc2e228fd42733601dfcf290f8faa39fcad55f1": 0.02127659574468085,
      "0x87c457d575ba5f7f480b92b41079dc85aa460926": 0.02127659574468085,
      "0x60ece4a5be3fd7594e9f24c2948cce5ce3c6dde7": 0.02127659574468085,
      "0x5410a315ff0558c7a2013a8f04a68f50c42403ee": 0.02127659574468085,
      "0x1ee8ab2a4e47cbef50c02068035a9382234db40c": 0.02127659574468085,
      "0xc744f2ddbca85a82be8f36c159be548022281c62": 0.02127659574468085,
      "0xe8a8cb04c65c02671287f75aef5fa8ca719c67ac": 0.02127659574468085,
      "0x109556bd39f54f9fd5ff9cb58c7fcb26d425aa3e": 0.02127659574468085,
      "0x954e63d55f1202b59af10ee979c99a1b7921779f": 0.02127659574468085,
      "0xdbbbc433ebcd238d4ae61d12d27130c078547d23": 0.02127659574468085,
      "0x16d43f783cd83530aab052b1e099f861a84d4d34": 0.02127659574468085,
      "0x30835e08e4eae50e982023c902759bd8db1bf4fd": 0.02127659574468085,
      "0x17409d8df3866264b76465292a9dee3354d4bde6": 0.02127659574468085,
      "0x49835d9a6669126154355f2f1a3e56e642dfdda0": 0.02127659574468085,
      "0xe144447b7cfc65a1f859a50df6e134548b5a084b": 0.02127659574468085,
      "0x3812d096634d47fc5db3b41bec3180bec711e997": 0.02127659574468085,
      "0xcf34ce5f322c0d7881dbdd633564796e2b0344a2": 0.02127659574468085,
      "0x797d2ccb6d0698753f74dcc09b90c2cb124e6c37": 0.02127659574468085,
      "0x097a4fbf01823ae820b9f774c875346c8a431bc6": 0.02127659574468085,
      "0x3f96ad76f2ebf21d35a2298ef9d4611e9e7de11c": 0.02127659574468085,
      "0x210d093bb95d6bebad37954f76c8a57ea54b9914": 0.02127659574468085,
      "0x6504aad8bdd40a73a54d65afeac146488db2e31e": 1.0,
      "0xfe597d4bfa6d16b3a42510b0b9a5d69e45a2f0e2": 0.02127659574468085,
      "0x53b5dfef3c014456d3ee81d287360ab86cafddae": 0.02127659574468085,
      "0x4216909456e770ffc737d987c273a0b8ce19c13e": 0.02127659574468085,
      "0xcf12c8227ce211fa791f03d30e3af9dddbba8019": 0.02127659574468085,
      "0x43198e4c0532b10d2ec80190833ae0b094b8b495": 0.02127659574468085,
      "0x8c9ea295323c4d0dd52f89b88c5f3bac53ebdb3a": 0.02127659574468085,
      "0x83dee8bb1185abb634b0339ee97513381ee75486": 0.02127659574468085,
      "0x75a0a15ddd06414e5dfdd9c8882c40a8f8a9df8f": 0.02127659574468085,
      "0xd8eab6642265d5a1ba1c7ab20d9ce2d26afd8d15": 0.02127659574468085,
      "0x623eca42b9308dc38d5be9f38b844de56f2f7a57": 0.02127659574468085,
      "0x5811e3ce346638eaf61414c91cde7b403c3c4eb5": 0.02127659574468085,
      "0xf2c4517eae36b2199b73fb2e5a7e9b5097678a20": 0.02127659574468085,
      "0xa6384baa4796cc6fc56ee92026105c414e996d4b": 0.02127659574468085,
      "0x09b30d7eb2314b9b29e2b258528887acb19c3223": 0.02127659574468085,
      "0x77887bee75eaec95b1f2889c069615b131e7dbc8": 0.02127659574468085,
      "0x09ad1348fc3d27d1b057e98734073494f20319dc": 0.02127659574468085,
      "0xdc35d7798d862549555cac2b773f8278fd1106be": 0.02127659574468085,
      "0xc954963dd1509fb24cb6d55e5c15cc61ca6a92c9": 0.02127659574468085,
      "0x31cf9c7847c979313fe27eadfcc847a8a0252d86": 0.02127659574468085
    },
    "betweenness_centrality": {
      "0xb99eb8e2a7bcb00668281de259b0565f76efaec5": 0.0,
      "0x7e2a5f7e62c835f24668d322c9e328fa4a54398d": 0.0,
      "0x4cf76ad9b2805f97d376ecaaa9af7fe0e6bdc400": 0.0,
      "0xc64852cebd68256d0517f4ce41ac1e9773c8a265": 0.0,
      "0xb3921b34b3407fa1a1661ae7cc81af210f32a12b": 0.0,
      "0xd19b86369f0da8692774773e84d5a01394c02cf7": 0.0,
      "0xc34022360567f84885516d2d5e3a1718b9190215": 0.0,
      "0x5cc2e228fd42733601dfcf290f8faa39fcad55f1": 0.0,
      "0x87c457d575ba5f7f480b92b41079dc85aa460926": 0.0,
      "0x60ece4a5be3fd7594e9f24c2948cce5ce3c6dde7": 0.0,
      "0x5410a315ff0558c7a2013a8f04a68f50c42403ee": 0.0,
      "0x1ee8ab2a4e47cbef50c02068035a9382234db40c": 0.0,
      "0xc744f2ddbca85a82be8f36c159be548022281c62": 0.0,
      "0xe8a8cb04c65c02671287f75aef5fa8ca719c67ac": 0.0,
      "0x109556bd39f54f9fd5ff9cb58c7fcb26d425aa3e": 0.0,
      "0x954e63d55f1202b59af10ee979c99a1b7921779f": 0.0,
      "0xdbbbc433ebcd238d4ae61d12d27130c078547d23": 0.0,
      "0x16d43f783cd83530aab052b1e099f861a84d4d34": 0.0,
      "0x30835e08e4eae50e982023c902759bd8db1bf4fd": 0.0,
      "0x17409d8df3866264b76465292a9dee3354d4bde6": 0.0,
      "0x49835d9a6669126154355f2f1a3e56e642dfdda0": 0.0,
      "0xe144447b7cfc65a1f859a50df6e134548b5a084b": 0.0,
      "0x3812d096634d47fc5db3b41bec3180bec711e997": 0.0,
      "0xcf34ce5f322c0d7881dbdd633564796e2b0344a2": 0.0,
      "0x797d2ccb6d0698753f74dcc09b90c2cb124e6c37": 0.0,
      "0x097a4fbf01823ae820b9f774c875346c8a431bc6": 0.0,
      "0x3f96ad76f2ebf21d35a2298ef9d4611e9e7de11c": 0.0,
      "0x210d093bb95d6bebad37954f76c8a57ea54b9914": 0.0,
      "0x6504aad8bdd40a73a54d65afeac146488db2e31e": 1.0,
      "0xfe597d4bfa6d16b3a42510b0b9a5d69e45a2f0e2": 0.0,
      "0x53b5dfef3c014456d3ee81d287360ab86cafddae": 0.0,
      "0x4216909456e770ffc737d987c273a0b8ce19c13e": 0.0,
      "0xcf12c8227ce211fa791f03d30e3af9dddbba8019": 0.0,
      "0x43198e4c0532b10d2ec80190833ae0b094b8b495": 0.0,
      "0x8c9ea295323c4d0dd52f89b88c5f3bac53ebdb3a": 0.0,
      "0x83dee8bb1185abb634b0339ee97513381ee75486": 0.0,
      "0x75a0a15ddd06414e5dfdd9c8882c40a8f8a9df8f": 0.0,
      "0xd8eab6642265d5a1ba1c7ab20d9ce2d26afd8d15": 0.0,
      "0x623eca42b9308dc38d5be9f38b844de56f2f7a57": 0.0,
      "0x5811e3ce346638eaf61414c91cde7b403c3c4eb5": 0.0,
      "0xf2c4517eae36b2199b73fb2e5a7e9b5097678a20": 0.0,
      "0xa6384baa4796cc6fc56ee92026105c414e996d4b": 0.0,
      "0x09b30d7eb2314b9b29e2b258528887acb19c3223": 0.0,
      "0x77887bee75eaec95b1f2889c069615b131e7dbc8": 0.0,
      "0x09ad1348fc3d27d1b057e98734073494f20319dc": 0.0,
      "0xdc35d7798d862549555cac2b773f8278fd1106be": 0.0,
      "0xc954963dd1509fb24cb6d55e5c15cc61ca6a92c9": 0.0,
      "0x31cf9c7847c979313fe27eadfcc847a8a0252d86": 0.0
    },
    "closeness_centrality": {
      "0xb99eb8e2a7bcb00668281de259b0565f76efaec5": 0.5053763440860215,
      "0x7e2a5f7e62c835f24668d322c9e328fa4a54398d": 0.5053763440860215,
      "0x4cf76ad9b2805f97d376ecaaa9af7fe0e6bdc400": 0.5053763440860215,
      "0xc64852cebd68256d0517f4ce41ac1e9773c8a265": 0.5053763440860215,
      "0xb3921b34b3407fa1a1661ae7cc81af210f32a12b": 0.5053763440860215,
      "0xd19b86369f0da8692774773e84d5a01394c02cf7": 0.5053763440860215,
      "0xc34022360567f84885516d2d5e3a1718b9190215": 0.5053763440860215,
      "0x5cc2e228fd42733601dfcf290f8faa39fcad55f1": 0.5053763440860215,
      "0x87c457d575ba5f7f480b92b41079dc85aa460926": 0.5053763440860215,
      "0x60ece4a5be3fd7594e9f24c2948cce5ce3c6dde7": 0.5053763440860215,
      "0x5410a315ff0558c7a2013a8f04a68f50c42403ee": 0.5053763440860215,
      "0x1ee8ab2a4e47cbef50c02068035a9382234db40c": 0.5053763440860215,
      "0xc744f2ddbca85a82be8f36c159be548022281c62": 0.5053763440860215,
      "0xe8a8cb04c65c02671287f75aef5fa8ca719c67ac": 0.5053763440860215,
      "0x109556bd39f54f9fd5ff9cb58c7fcb26d425aa3e": 0.5053763440860215,
      "0x954e63d55f1202b59af10ee979c99a1b7921779f": 0.5053763440860215,
      "0xdbbbc433ebcd238d4ae61d12d27130c078547d23": 0.5053763440860215,
      "0x16d43f783cd83530aab052b1e099f861a84d4d34": 0.5053763440860215,
      "0x30835e08e4eae50e982023c902759bd8db1bf4fd": 0.5053763440860215,