{
  "27": {
    "number_of_nodes": 58,
    "number_of_edges": 58,
    "density": 0.03508771929824561,
    "clustering_coefficient": 0.0,
    "assortativity_coefficient": -0.9827586206896554,
    "degree_centrality": {
      "0xfe5e27f1211f2b3ab9bf34934d9945f1cee85a40": 0.017543859649122806,
      "0x5814ebfa4c49c60fe898a63c907f8e345419308a": 0.017543859649122806,
      "0xe17b01dcda1b54b83e30843a6eb1915e54415cf4": 0.017543859649122806,
      "0x886dc92a906bb0b113cdae6ed8988aceddbfa40f": 0.017543859649122806,
      "0x2471222c2a6216c44b003efc779e54ab8cda11b5": 0.017543859649122806,
      "0xe15d52c7b3b2622ac4088d5518ddcd486fa2a0b7": 0.017543859649122806,
      "0x464508c12760419d0a6b221981dae4692c7e72db": 0.017543859649122806,
      "0xb86b8d66d2907d7af72144699586bdb5028a510a": 0.017543859649122806,
      "0x38f614ddd1b2127619be43fa6f596704c688459e": 0.017543859649122806,
      "0xbc1926a76d645a65c4b1a08df4d4f27dca2121c2": 0.017543859649122806,
      "0x1d006e06a1ab31b88e6760af6d83d3abd2cbb7ad": 0.017543859649122806,
      "0xee522dbba286cbe747cf0513ebf50cf98e64cc72": 0.017543859649122806,
      "0x0143dab2728049979db7797a0c7432296b175bfa": 0.017543859649122806,
      "0x6283f85cbd0ef097cb0c44bf860bfd8558ac8d45": 0.017543859649122806,
      "0x284f214df3f85526a910979f52c96e54fb228136": 1.0350877192982455,
      "0x476307dac3fd170166e007fcaa14f0a129721463": 0.017543859649122806,
      "0xabd9b59dc308b3f09f5736d5eb4375c679530d18": 0.017543859649122806,
      "0xcd28423174b7f5bed46997edea4962a1d9239a54": 0.017543859649122806,
      "0x2c9c756a7cfd79febd2fa9b4c82c10a5db9d8996": 0.017543859649122806,
      "0xce95fb1671545e114a1f3348f30bfd63ed9c2ace": 0.017543859649122806,
      "0x3fa400483487a489ec9b1db29c4129063eec4654": 0.017543859649122806,
      "0xdaaab595fde6c90f9dfd8549d1183b078b85580d": 0.017543859649122806,
      "0x1e2ffd31cded6a62157728c405f3f8147e19803e": 0.017543859649122806,
      "0xb0babeac276a23e48098f7b8c76755c0a9e422e0": 0.017543859649122806,
      "0x6a08e8073d3d41c42f1d8354206f5326c50eb0f2": 0.017543859649122806,
      "0x2b89d32cfb9b28dfcc7facc22453c812f9097655": 0.017543859649122806,
      "0x46fe9249883df8410a6755929fa20b4cdc0d9d69": 0.017543859649122806,
      "0xff7cb3f05a2fb23c8d97b3a4f5da89fab00d7ae6": 0.017543859649122806,
      "0xc86780efee90943da056b031464f9358133f8d1f": 0.017543859649122806,
      "0x511ca568044d2236299701bee1f0a8e2865703da": 0.017543859649122806,
      "0x51bb9c623226ce781f4a54fc8f4a530a47142b6b": 0.017543859649122806,
      "0x05f74cc63a9da875004c10bb6823a92e5c7870c6": 0.017543859649122806,
      "0x67acecdb9511004225ab180a24807e41642a27f7": 0.017543859649122806,
      "0x018d9c5f135a0715fba635e53d8d47f4cf2009a0": 0.017543859649122806,
      "0xd1b7a30b02e4ed79025204be3c919d8f28457ab0": 0.017543859649122806,
      "0x970e8baca76e2669ce734e02fd00639aa52e5ab1": 0.017543859649122806,
      "0x62aa57fec1fee157511eb02adaf761b902596b28": 0.017543859649122806,
      "0x8d3e855f3f55109d473735ab76f753218400fe96": 0.017543859649122806,
      "0xb587ef07c27941a6a286d2aab40382ab7aaea2b8": 0.017543859649122806,
      "0x8b0c2fd24a9b524da252d43cc125fdb5baa28d8a": 0.017543859649122806,
      "0xed27bfcc779bd06445f6b37bc0936ff27a2f014a": 0.017543859649122806,
      "0x3d4326027885a3fcf0425c9d13e6b139679d2453": 0.017543859649122806,
      "0xb97ddf938739260647aa38f94c69793f8b814631": 0.017543859649122806,
      "0xfbba190676a15ac9fe5cda9e97040e59a717a23c": 0.017543859649122806,
      "0x5a504cb589e003610c57c2df4fae627d580ad9dc": 0.017543859649122806,
      "0x61f532ef937e809567d69531ae533595402bb4a8": 0.017543859649122806,
      "0x1760f4565e5a286c044f5bce06ed5cd27343ba72": 0.017543859649122806,
      "0xaaae7829176b3750d753f098fc5a9f0ebcadbff1": 0.017543859649122806,
      "0xedd23b37bd60f47a97d765232a3aa3fb3e25db59": 0.017543859649122806,
      "0xd891d7f669cd5d92b1abdeaadd1c7f55dbdeb0c6": 0.017543859649122806,
      "0x0842b9e764a29479f85dc88cd94f2918365b44ff": 0.017543859649122806,
      "0xce9ede5646548c97272790f55cb9b997ec2afdfd": 0.017543859649122806,
      "0xaee318ff1690f32b4840bf8299e1fc39f2cbaf1a": 0.017543859649122806,
      "0x41a379957fd588b0cc262b5faab17d46a501b0a7": 0.017543859649122806,
      "0x605cc9088882c549f40ce093cb90eb0319b6676d": 0.017543859649122806,
      "0x219cf90b98c7cd8449ec9270fb20798390b90e00": 0.017543859649122806,
      "0x61bc1f530ac6193d73af1e1a6a14cb44b9c3f915": 0.017543859649122806,
      "0x14ab1c3103af4f18785736c2a2665684bcb04908": 0.017543859649122806
    },
    "betweenness_centrality": {
      "0xfe5e27f1211f2b3ab9bf34934d9945f1cee85a40": 0.0,
      "0x5814ebfa4c49c60fe898a63c907f8e345419308a": 0.0,
      "0xe17b01dcda1b54b83e30843a6eb1915e54415cf4": 0.0,
      "0x886dc92a906bb0b113cdae6ed8988aceddbfa40f": 0.0,
      "0x2471222c2a6216c44b003efc779e54ab8cda11b5": 0.0,
      "0xe15d52c7b3b2622ac4088d5518ddcd486fa2a0b7": 0.0,
      "0x464508c12760419d0a6b221981dae4692c7e72db": 0.0,
      "0xb86b8d66d2907d7af72144699586bdb5028a510a": 0.0,
      "0x38f614ddd1b2127619be43fa6f596704c688459e": 0.0,
      "0xbc1926a76d645a65c4b1a08df4d4f27dca2121c2": 0.0,
      "0x1d006e06a1ab31b88e6760af6d83d3abd2cbb7ad": 0.0,
      "0xee522dbba286cbe747cf0513ebf50cf98e64cc72": 0.0,
      "0x0143dab2728049979db7797a0c7432296b175bfa": 0.0,
      "0x6283f85cbd0ef097cb0c44bf860bfd8558ac8d45": 0.0,
      "0x284f214df3f85526a910979f52c96e54fb228136": 1.0,
      "0x476307dac3fd170166e007fcaa14f0a129721463": 0.0,
      "0xabd9b59dc308b3f09f5736d5eb4375c679530d18": 0.0,
      "0xcd28423174b7f5bed46997edea4962a1d9239a54": 0.0,
      "0x2c9c756a7cfd79febd2fa9b4c82c10a5db9d8996": 0.0,
      "0xce95fb1671545e114a1f3348f30bfd63ed9c2ace": 0.0,
      "0x3fa400483487a489ec9b1db29c4129063eec4654": 0.0,
      "0xdaaab595fde6c90f9dfd8549d1183b078b85580d": 0.0,
      "0x1e2ffd31cded6a62157728c405f3f8147e19803e": 0.0,
      "0xb0babeac276a23e48098f7b8c76755c0a9e422e0": 0.0,
      "0x6a08e8073d3d41c42f1d8354206f5326c50eb0f2": 0.0,
      "0x2b89d32cfb9b28dfcc7facc22453c812f9097655": 0.0,
      "0x46fe9249883df8410a6755929fa20b4cdc0d9d69": 0.0,
      "0xff7cb3f05a2fb23c8d97b3a4f5da89fab00d7ae6": 0.0,
      "0xc86780efee90943da056b031464f9358133f8d1f": 0.0,
      "0x511ca568044d2236299701bee1f0a8e2865703da": 0.0,
      "0x51bb9c623226ce781f4a54fc8f4a530a47142b6b": 0.0,
      "0x05f74cc63a9da875004c10bb6823a92e5c7870c6": 0.0,
      "0x67acecdb9511004225ab180a24807e41642a27f7": 0.0,
      "0x018d9c5f135a0715fba635e53d8d47f4cf2009a0": 0.0,
      "0xd1b7a30b02e4ed79025204be3c919d8f28457ab0": 0.0,
      "0x970e8baca76e2669ce734e02fd00639aa52e5ab1": 0.0,
      "0x62aa57fec1fee157511eb02adaf761b902596b28": 0.0,
      "0x8d3e855f3f55109d473735ab76f753218400fe96": 0.0,
      "0xb587ef07c27941a6a286d2aab40382ab7aaea2b8": 0.0,
      "0x8b0c2fd24a9b524da252d43cc125fdb5baa28d8a": 0.0,
      "0xed27bfcc779bd06445f6b37bc0936ff27a2f014a": 0.0,
      "0x3d4326027885a3fcf0425c9d13e6b139679d2453": 0.0,
      "0xb97ddf938739260647aa38f94c69793f8b814631": 0.0,
      "0xfbba190676a15ac9fe5cda9e97040e59a717a23c": 0.0,
      "0x5a504cb589e003610c57c2df4fae627d580ad9dc": 0.0,
      "0x61f532ef937e809567d69531ae533595402bb4a8": 0.0,
      "0x1760f4565e5a286c044f5bce06ed5cd27343ba72": 0.0,
      "0xaaae7829176b3750d753f098fc5a9f0ebcadbff1": 0.0,
      "0xedd23b37bd60f47a97d765232a3aa3fb3e25db59": 0.0,
      "0xd891d7f669cd5d92b1abdeaadd1c7f55dbdeb0c6": 0.0,
      "0x0842b9e764a29479f85dc88cd94f2918365b44ff": 0.0,
      "0xce9ede5646548c97272790f55cb9b997ec2afdfd": 0.0,
      "0xaee318ff1690f32b4840bf8299e1fc39f2cbaf1a": 0.0,
      "0x41a379957fd588b0cc262b5faab17d46a501b0a7": 0.0,
      "0x605cc9088882c549f40ce093cb90eb0319b6676d": 0.0,
      "0x219cf90b98c7cd8449ec9270fb20798390b90e00": 0.0,
      "0x61bc1f530ac6193d73af1e1a6a14cb44b9c3f915": 0.0,
      "0x14ab1c3103af4f18785736c2a2665684bcb04908": 0.0
    },