{
  "0": {
    "number_of_nodes": 12,
    "number_of_edges": 11,
    "density": 0.16666666666666666,
    "clustering_coefficient": 0.0,
    "assortativity_coefficient": -1.0,
    "degree_centrality": {
      "0x48ced4a4fe351a6010bd9b64c6a4821328f7aad2": 0.09090909090909091,
      "0x9c4bc195e1f9e6655c6336ce269b5be7ff08e63d": 0.09090909090909091,
      "0xd6112bb75d036a4af8d1fae4eb6cb01e9731f703": 0.09090909090909091,
      "0x8e5539996a21fa05f7e553cb43d25f373ba6a1fa": 0.09090909090909091,
      "0x06a6a7af298129e3a2ab396c9c06f91d3c54aba8": 0.09090909090909091,
      "0xba51bca37f1a3dcff18ed18e9166ba76642e62df": 0.09090909090909091,
      "0x22225841097337550323ad0e0e3f6ad9e362e356": 0.09090909090909091,
      "0xe658e6eb4b478da2cf36d9e3712ba0c1b33786a1": 0.09090909090909091,
      "0x719e0417768eabbe0a7f10abdb707cab40718e95": 1.0,
      "0xf0155486a14539f784739be1c02e93f28eb8e960": 0.09090909090909091,
      "0x141708a312af3916cbc5678abb09bb26955704c2": 0.09090909090909091,
      "0x7fa073d67830f52818e3efeefd36f3ff95bd419b": 0.09090909090909091
    },
    "betweenness_centrality": {
      "0x48ced4a4fe351a6010bd9b64c6a4821328f7aad2": 0.0,
      "0x9c4bc195e1f9e6655c6336ce269b5be7ff08e63d": 0.0,
      "0xd6112bb75d036a4af8d1fae4eb6cb01e9731f703": 0.0,
      "0x8e5539996a21fa05f7e553cb43d25f373ba6a1fa": 0.0,
      "0x06a6a7af298129e3a2ab396c9c06f91d3c54aba8": 0.0,
      "0xba51bca37f1a3dcff18ed18e9166ba76642e62df": 0.0,
      "0x22225841097337550323ad0e0e3f6ad9e362e356": 0.0,
      "0xe658e6eb4b478da2cf36d9e3712ba0c1b33786a1": 0.0,
      "0x719e0417768eabbe0a7f10abdb707cab40718e95": 1.0,
      "0xf0155486a14539f784739be1c02e93f28eb8e960": 0.0,
      "0x141708a312af3916cbc5678abb09bb26955704c2": 0.0,
      "0x7fa073d67830f52818e3efeefd36f3ff95bd419b": 0.0
    },
    "closeness_centrality": {
      "0x48ced4a4fe351a6010bd9b64c6a4821328f7aad2": 0.5238095238095238,
      "0x9c4bc195e1f9e6655c6336ce269b5be7ff08e63d": 0.5238095238095238,
      "0xd6112bb75d036a4af8d1fae4eb6cb01e9731f703": 0.5238095238095238,
      "0x8e5539996a21fa05f7e553cb43d25f373ba6a1fa": 0.5238095238095238,
      "0x06a6a7af298129e3a2ab396c9c06f91d3c54aba8": 0.5238095238095238,
      "0xba51bca37f1a3dcff18ed18e9166ba76642e62df": 0.5238095238095238,
      "0x22225841097337550323ad0e0e3f6ad9e362e356": 0.5238095238095238,
      "0xe658e6eb4b478da2cf36d9e3712ba0c1b33786a1": 0.5238095238095238,
      "0x719e0417768eabbe0a7f10abdb707cab40718e95": 1.0,
      "0xf0155486a14539f784739be1c02e93f28eb8e960": 0.5238095238095238,
      "0x141708a312af3916cbc5678abb09bb26955704c2": 0.5238095238095238,
      "0x7fa073d67830f52818e3efeefd36f3ff95bd419b": 0.5238095238095238
    }
  }
}