{
  "19": {
    "number_of_nodes": 50,
    "number_of_edges": 50,
    "density": 0.04081632653061224,
    "clustering_coefficient": 0.0,
    "assortativity_coefficient": -0.98,
    "degree_centrality": {
      "0x1233c3feacc1c971fb880fd375d0efe0912bce41": 0.02040816326530612,
      "0x6f4b04634a5b334cbcce569fa6b5ad597a7a70ea": 0.02040816326530612,
      "0x143e5f8d0372ef5637c4a6c36fbf6c1ed81cd7ca": 0.02040816326530612,
      "0x1a2b234fa590514e8a3a5f32937cb0efa4542106": 0.02040816326530612,
      "0xaf7010811c5c5725d00fd4129d4746d6404f7f3d": 0.02040816326530612,
      "0xe6474ec87251b18f07830ba4344d614089e8aceb": 0.02040816326530612,
      "0x9b217faf34a4e3fd9d3d5483059834f3c14d047a": 0.02040816326530612,
      "0x5affe41805a9e57fed3657d0e64d96aea0b77885": 0.02040816326530612,
      "0xe1f05686606088c2f6e3456c1dd1e4c39fc817e3": 0.02040816326530612,
      "0xfb09a89b19a6fd06fc0aa651c7e279be74dc1426": 0.02040816326530612,
      "0x8570b5a7c41e6744be543622e55b4313f3ce9abf": 0.02040816326530612,
      "0x36a990aff69f8c09b88e348fa6fd9ad64bf0837c": 0.02040816326530612,
      "0xc7e91df61d9655659d854b2603a95697f17cc68c": 0.02040816326530612,
      "0xafda317cb15967c2fd379885de227ca236e59cd3": 0.02040816326530612,
      "0xe60c3a67c51483f7b619ff6e47f5f2d14de7d7d4": 0.02040816326530612,
      "0x5fbd6741e431c7afa7ec533a4c01b5d915513902": 0.02040816326530612,
      "0x81a9ad15ed0a45d20d25a699d19062f598f4b3ae": 0.02040816326530612,
      "0x96a3c5a5d31404c6daf21087f8b5eef62e076217": 0.02040816326530612,
      "0x53276a10c1679d2bc632871d755655e790a1524a": 0.02040816326530612,
      "0xed56b70ec9ebe6127d4caf97872d759a1b380d61": 0.02040816326530612,
      "0x84e94f8032b3f9fec34ee05f192ad57003337988": 0.02040816326530612,
      "0x43d3199e31196c3b71d2edfce5b7e333fb0f10bc": 0.02040816326530612,
      "0x97bf488937ef5e92d5bcc700959b2240794ed11f": 0.02040816326530612,
      "0x7fcff06147adb581417dddda3cd003a0463b5df5": 0.02040816326530612,
      "0xe068647cddbd46bd762aa8083d6e607c53675bd4": 0.02040816326530612,
      "0x3c2046b5159fa42c4bac38e4669efb3a49b46183": 0.02040816326530612,
      "0x267be1c1d684f78cb4f6a176c4911b741e4ffdc0": 0.02040816326530612,
      "0xc54bcc3a5bf2af21bc9a855b3d1291b4847eec90": 0.02040816326530612,
      "0xb0407f5af5a69bc6d700063751e3c19ba28ce126": 0.02040816326530612,
      "0x1ebc299dad01a790eb7f7003c9e839d759758933": 0.02040816326530612,
      "0x5ebda6ff471a9d523c1f6d7520179dded99753e1": 1.040816326530612,
      "0xf200b446659ac612726eea0a79dfe24cc1e7e725": 0.02040816326530612,
      "0xe796b61f8deb304b08c3514241d89f743419b692": 0.02040816326530612,
      "0xd5250c78b2d789e7e358af695a03c804ff1633ac": 0.02040816326530612,
      "0x62ec57a2a064dc5aaefaa0ae430b0f9215d2a31b": 0.02040816326530612,
      "0x83ef2aea92676468371114c4703fde4b218df892": 0.02040816326530612,
      "0xf80d12e55f6cda587a26a05f2e6477054e8255e5": 0.02040816326530612,
      "0xc955f3c0d5a87710996d13b1f9aa3a77552d7a7e": 0.02040816326530612,
      "0x05937fa5f70ca375473b82fdcc42d5ba77eb5c9c": 0.02040816326530612,
      "0x9800bdd983effbd37e43cec7c6a3f0b1a9700950": 0.02040816326530612,
      "0xd8ded2b9f7795e2cfa1977c91f88b5c689301411": 0.02040816326530612,
      "0x89c9c6731817ce9d3f52dc96e1481086bc1b328c": 0.02040816326530612,
      "0xf6add762c2e58bd7e5696833ac36114ff141b620": 0.02040816326530612,
      "0x54657c50c7c9f04812be0e3144af7003c6978f90": 0.02040816326530612,
      "0xb499e214ed27c735fe2f59b7f9f63d0106f2fed1": 0.02040816326530612,
      "0xb69890912e40a7849fca058bb118cfe7d70932c4": 0.02040816326530612,
      "0x4c1e27176e602d2dc349aac5b24da56881bc325b": 0.02040816326530612,
      "0xe47b867b2b5b21a2022068c9ef1293783864b274": 0.02040816326530612,
      "0x845c52bb0ef5348310af32ccb1b32e20f9082b43": 0.02040816326530612,
      "0x5d96dc0bd4989dbce0edf8b5fb49987c6d2d2b35": 0.02040816326530612
    },
    "betweenness_centrality": {
      "0x1233c3feacc1c971fb880fd375d0efe0912bce41": 0.0,
      "0x6f4b04634a5b334cbcce569fa6b5ad597a7a70ea": 0.0,
      "0x143e5f8d0372ef5637c4a6c36fbf6c1ed81cd7ca": 0.0,
      "0x1a2b234fa590514e8a3a5f32937cb0efa4542106": 0.0,
      "0xaf7010811c5c5725d00fd4129d4746d6404f7f3d": 0.0,
      "0xe6474ec87251b18f07830ba4344d614089e8aceb": 0.0,
      "0x9b217faf34a4e3fd9d3d5483059834f3c14d047a": 0.0,
      "0x5affe41805a9e57fed3657d0e64d96aea0b77885": 0.0,
      "0xe1f05686606088c2f6e3456c1dd1e4c39fc817e3": 0.0,
      "0xfb09a89b19a6fd06fc0aa651c7e279be74dc1426": 0.0,
      "0x8570b5a7c41e6744be543622e55b4313f3ce9abf": 0.0,
      "0x36a990aff69f8c09b88e348fa6fd9ad64bf0837c": 0.0,
      "0xc7e91df61d9655659d854b2603a95697f17cc68c": 0.0,
      "0xafda317cb15967c2fd379885de227ca236e59cd3": 0.0,
      "0xe60c3a67c51483f7b619ff6e47f5f2d14de7d7d4": 0.0,
      "0x5fbd6741e431c7afa7ec533a4c01b5d915513902": 0.0,
      "0x81a9ad15ed0a45d20d25a699d19062f598f4b3ae": 0.0,
      "0x96a3c5a5d31404c6daf21087f8b5eef62e076217": 0.0,
      "0x53276a10c1679d2bc632871d755655e790a1524a": 0.0,
      "0xed56b70ec9ebe6127d4caf97872d759a1b380d61": 0.0,
      "0x84e94f8032b3f9fec34ee05f192ad57003337988": 0.0,
      "0x43d3199e31196c3b71d2edfce5b7e333fb0f10bc": 0.0,
      "0x97bf488937ef5e92d5bcc700959b2240794ed11f": 0.0,
      "0x7fcff06147adb581417dddda3cd003a0463b5df5": 0.0,
      "0xe068647cddbd46bd762aa8083d6e607c53675bd4": 0.0,
      "0x3c2046b5159fa42c4bac38e4669efb3a49b46183": 0.0,
      "0x267be1c1d684f78cb4f6a176c4911b741e4ffdc0": 0.0,
      "0xc54bcc3a5bf2af21bc9a855b3d1291b4847eec90": 0.0,
      "0xb0407f5af5a69bc6d700063751e3c19ba28ce126": 0.0,
      "0x1ebc299dad01a790eb7f7003c9e839d759758933": 0.0,
      "0x5ebda6ff471a9d523c1f6d7520179dded99753e1": 1.0,
      "0xf200b446659ac612726eea0a79dfe24cc1e7e725": 0.0,
      "0xe796b61f8deb304b08c3514241d89f743419b692": 0.0,
      "0xd5250c78b2d789e7e358af695a03c804ff1633ac": 0.0,
      "0x62ec57a2a064dc5aaefaa0ae430b0f9215d2a31b": 0.0,
      "0x83ef2aea92676468371114c4703fde4b218df892": 0.0,
      "0xf80d12e55f6cda587a26a05f2e6477054e8255e5": 0.0,
      "0xc955f3c0d5a87710996d13b1f9aa3a77552d7a7e": 0.0,
      "0x05937fa5f70ca375473b82fdcc42d5ba77eb5c9c": 0.0,
      "0x9800bdd983effbd37e43cec7c6a3f0b1a9700950": 0.0,
      "0xd8ded2b9f7795e2cfa1977c91f88b5c689301411": 0.0,
      "0x89c9c6731817ce9d3f52dc96e1481086bc1b328c": 0.0,
      "0xf6add762c2e58bd7e5696833ac36114ff141b620": 0.0,
      "0x54657c50c7c9f04812be0e3144af7003c6978f90": 0.0,
      "0xb499e214ed27c735fe2f59b7f9f63d0106f2fed1": 0.0,
      "0xb69890912e40a7849fca058bb118cfe7d70932c4": 0.0,
      "0x4c1e27176e602d2dc349aac5b24da56881bc325b": 0.0,
      "0xe47b867b2b5b21a2022068c9ef1293783864b274": 0.0,
      "0x845c52bb0ef5348310af32ccb1b32e20f9082b43": 0.0,
      "0x5d96dc0bd4989dbce0edf8b5fb49987c6d2d2b35": 0.0
    },
    "closeness_centrality": {
      "0x1233c3feacc1c971fb880fd375d0efe0912bce41": 0.5051546391752577,
      "0x6f4b04634a5b334cbcce569fa6b5ad597a7a70ea": 0.5051546391752577,
      "0x143e5f8d0372ef5637c4a6c36fbf6c1ed81cd7ca": 0.5051546391752577,
      "0x1a2b234fa590514e8a3a5f32937cb0efa4542106": 0.5051546391752577,
      "0xaf7010811c5c5725d00fd4129d4746d6404f7f3d": 0.5051546391752577,
      "0xe6474ec87251b18f07830ba4344d614089e8aceb": 0.5051546391752577,
      "0x9b217faf34a4e3fd9d3d5483059834f3c14d047a": 0.5051546391752577,
      "0x5affe41805a9e57fed3657d0e64d96aea0b77885": 0.5051546391752577,
      "0xe1f05686606088c2f6e3456c1dd1e4c39fc817e3": 0.5051546391752577,
      "0xfb09a89b19a6fd06fc0aa651c7e279be74dc1426": 0.5051546391752577,
      "0x8570b5a7c41e6744be543622e55b4313f3ce9abf": 0.5051546391752577,
      "0x36a990aff69f8c09b88e348fa6fd9ad64bf0837c": 0.5051546391752577,
      "0xc7e91df61d9655659d854b2603a95697f17cc68c": 0.5051546391752577,
      "0xafda317cb15967c2fd379885de227ca236e59cd3": 0.5051546391752577,
      "0xe60c3a67c51483f7b619ff6e47f5f2d14de7d7d4": 0.5051546391752577,