{
  "23": {
    "number_of_nodes": 27,
    "number_of_edges": 26,
    "density": 0.07407407407407407,
    "clustering_coefficient": 0.0,
    "assortativity_coefficient": -1.0,
    "degree_centrality": {
      "0xd0367e22560e33df5fff7629776a79a9b2dfed3b": 0.038461538461538464,
      "0xf0231160bd1a2a2d25aed2f11b8360ebf56f6153": 0.038461538461538464,
      "0xb852c6b5892256c264cc2c888ea462189154d8d7": 0.038461538461538464,
      "0x80e2f8be058ba68d77ee3a13b6093d04208d8687": 0.038461538461538464,
      "0x2931c68c14334379dfeaaec2373be9c3d5c68b7d": 0.038461538461538464,
      "0x05a9afd79a05c3e1afefa282ef8d58f9366b160b": 0.038461538461538464,
      "0xbccc31f70dc8c7098d4707ddf34245b1ff1cfeb1": 0.038461538461538464,
      "0xe72ba5c6f63ddd395df9582800e2821ce5a05d75": 0.038461538461538464,
      "0x3f5d90d5cc0652aaa40519114d007bf119afe1cf": 0.038461538461538464,
      "0x5ed06523f9195bb6e69ae22040e85ae006915e7f": 0.038461538461538464,
      "0xbcf071f2f02fa5a49cfa824c57a86204e846659a": 0.038461538461538464,
      "0xe41e8de32a5a42d8cae3490815f3adb5ed8f56b7": 0.038461538461538464,
      "0x0d97e169bd4f99418cab729ba5a84df44ea44f85": 0.038461538461538464,
      "0x3bea7a63d7aaf10fd77f9068f31ce3dc8724b4d5": 0.038461538461538464,
      "0xff678a624472fe0d195e3cac47dec2375dc2d8be": 0.038461538461538464,
      "0x0e570c87f33473d3319c0ee6ba33448ba1687cd7": 0.038461538461538464,
      "0x8252df1d8b29057d1afe3062bf5a64d503152bc8": 0.038461538461538464,
      "0xffc177ea063ea6afe6acddc737a0591e460921c0": 0.038461538461538464,
      "0x9c5254d935cf85bb7bebdd8558d3b11cd27a387d": 0.038461538461538464,
      "0x172f8d52afb3c402b6b72753e6e40e0afc4808ac": 0.038461538461538464,
      "0x0f9fa759f6c408e8c24bf6bf20ed59db24b597a4": 1.0,
      "0xc6c9274d415cba866022cd5ab2ca29c4b964c372": 0.038461538461538464,
      "0xe8a65ce8c7aa7bf89f842cd2b69209927096cafc": 0.038461538461538464,
      "0xad1cbfcf53d1f7213d2b6359e8468244e3de27b2": 0.038461538461538464,
      "0x77b101afaa8e855b3ae6527eb788d240d25eab99": 0.038461538461538464,
      "0x26b649afed9d33a6209959921555d3a475192405": 0.038461538461538464,
      "0x50cb61afa3f023d17276dcfb35abf85c710d1cff": 0.038461538461538464
    },
    "betweenness_centrality": {
      "0xd0367e22560e33df5fff7629776a79a9b2dfed3b": 0.0,
      "0xf0231160bd1a2a2d25aed2f11b8360ebf56f6153": 0.0,
      "0xb852c6b5892256c264cc2c888ea462189154d8d7": 0.0,
      "0x80e2f8be058ba68d77ee3a13b6093d04208d8687": 0.0,
      "0x2931c68c14334379dfeaaec2373be9c3d5c68b7d": 0.0,
      "0x05a9afd79a05c3e1afefa282ef8d58f9366b160b": 0.0,
      "0xbccc31f70dc8c7098d4707ddf34245b1ff1cfeb1": 0.0,
      "0xe72ba5c6f63ddd395df9582800e2821ce5a05d75": 0.0,
      "0x3f5d90d5cc0652aaa40519114d007bf119afe1cf": 0.0,
      "0x5ed06523f9195bb6e69ae22040e85ae006915e7f": 0.0,
      "0xbcf071f2f02fa5a49cfa824c57a86204e846659a": 0.0,
      "0xe41e8de32a5a42d8cae3490815f3adb5ed8f56b7": 0.0,
      "0x0d97e169bd4f99418cab729ba5a84df44ea44f85": 0.0,
      "0x3bea7a63d7aaf10fd77f9068f31ce3dc8724b4d5": 0.0,
      "0xff678a624472fe0d195e3cac47dec2375dc2d8be": 0.0,
      "0x0e570c87f33473d3319c0ee6ba33448ba1687cd7": 0.0,
      "0x8252df1d8b29057d1afe3062bf5a64d503152bc8": 0.0,
      "0xffc177ea063ea6afe6acddc737a0591e460921c0": 0.0,
      "0x9c5254d935cf85bb7bebdd8558d3b11cd27a387d": 0.0,
      "0x172f8d52afb3c402b6b72753e6e40e0afc4808ac": 0.0,
      "0x0f9fa759f6c408e8c24bf6bf20ed59db24b597a4": 1.0,
      "0xc6c9274d415cba866022cd5ab2ca29c4b964c372": 0.0,
      "0xe8a65ce8c7aa7bf89f842cd2b69209927096cafc": 0.0,
      "0xad1cbfcf53d1f7213d2b6359e8468244e3de27b2": 0.0,
      "0x77b101afaa8e855b3ae6527eb788d240d25eab99": 0.0,
      "0x26b649afed9d33a6209959921555d3a475192405": 0.0,
      "0x50cb61afa3f023d17276dcfb35abf85c710d1cff": 0.0
    },
    "closeness_centrality": {
      "0xd0367e22560e33df5fff7629776a79a9b2dfed3b": 0.5098039215686274,
      "0xf0231160bd1a2a2d25aed2f11b8360ebf56f6153": 0.5098039215686274,
      "0xb852c6b5892256c264cc2c888ea462189154d8d7": 0.5098039215686274,
      "0x80e2f8be058ba68d77ee3a13b6093d04208d8687": 0.5098039215686274,
      "0x2931c68c14334379dfeaaec2373be9c3d5c68b7d": 0.5098039215686274,
      "0x05a9afd79a05c3e1afefa282ef8d58f9366b160b": 0.5098039215686274,
      "0xbccc31f70dc8c7098d4707ddf34245b1ff1cfeb1": 0.5098039215686274,
      "0xe72ba5c6f63ddd395df9582800e2821ce5a05d75": 0.5098039215686274,
      "0x3f5d90d5cc0652aaa40519114d007bf119afe1cf": 0.5098039215686274,
      "0x5ed06523f9195bb6e69ae22040e85ae006915e7f": 0.5098039215686274,
      "0xbcf071f2f02fa5a49cfa824c57a86204e846659a": 0.5098039215686274,
      "0xe41e8de32a5a42d8cae3490815f3adb5ed8f56b7": 0.5098039215686274,
      "0x0d97e169bd4f99418cab729ba5a84df44ea44f85": 0.5098039215686274,
      "0x3bea7a63d7aaf10fd77f9068f31ce3dc8724b4d5": 0.5098039215686274,
      "0xff678a624472fe0d195e3cac47dec2375dc2d8be": 0.5098039215686274,
      "0x0e570c87f33473d3319c0ee6ba33448ba1687cd7": 0.5098039215686274,
      "0x8252df1d8b29057d1afe3062bf5a64d503152bc8": 0.5098039215686274,
      "0xffc177ea063ea6afe6acddc737a0591e460921c0": 0.5098039215686274,
      "0x9c5254d935cf85bb7bebdd8558d3b11cd27a387d": 0.5098039215686274,
      "0x172f8d52afb3c402b6b72753e6e40e0afc4808ac": 0.5098039215686274,
      "0x0f9fa759f6c408e8c24bf6bf20ed59db24b597a4": 1.0,
      "0xc6c9274d415cba866022cd5ab2ca29c4b964c372": 0.5098039215686274,
      "0xe8a65ce8c7aa7bf89f842cd2b69209927096cafc": 0.5098039215686274,
      "0xad1cbfcf53d1f7213d2b6359e8468244e3de27b2": 0.5098039215686274,
      "0x77b101afaa8e855b3ae6527eb788d240d25eab99": 0.5098039215686274,
      "0x26b649afed9d33a6209959921555d3a475192405": 0.5098039215686274,
      "0x50cb61afa3f023d17276dcfb35abf85c710d1cff": 0.5098039215686274
    }
  }
}