{
  "20": {
    "number_of_nodes": 45,
    "number_of_edges": 45,
    "density": 0.045454545454545456,
    "clustering_coefficient": 0.0,
    "assortativity_coefficient": -0.9777777777777777,
    "degree_centrality": {
      "0x15de1beb13d7d38cbc493d3ecbc0c7650e715c22": 0.022727272727272728,
      "0x6cbb99d65c2cbc72f25104c83af936883fa090f4": 0.022727272727272728,
      "0x8e060a55d66035cb7a08857658995c9281068144": 0.022727272727272728,
      "0x3a03c7dc0e5f9e4baa1df35a6b6e1953df42d80e": 0.022727272727272728,
      "0xde98f88a008521c386740d308b95cbc21bf7ba6b": 0.022727272727272728,
      "0x3b12c6f449c4846a020aed765a7e42dce8c5183b": 0.022727272727272728,
      "0x18aecea1db321bedc7c17b155fe2db4e599fb290": 0.022727272727272728,
      "0xfaafdc07907ff5120a76b34b731b278c38d6043c": 0.022727272727272728,
      "0xa507f57e8268df78eababdd3766286e556d3ccd2": 0.022727272727272728,
      "0x82ea9ad6cab1be154c154ce575e4269698c386a4": 0.022727272727272728,
      "0x5dbcbf2a665ccda47e98c9b9290c5fa15e2d7cf5": 0.022727272727272728,
      "0x19042021329fddcfbea5f934fb5b2670c91f7d20": 0.022727272727272728,
      "0xbca64241b4c7d3d2ca36c91facc69663b4517f54": 0.022727272727272728,
      "0xf56b07ab0e46afef054ae0a58d4195ee944bea93": 0.022727272727272728,
      "0x71a6383440229bd8e749d48d035410962df51581": 0.022727272727272728,
      "0x6083eea8b29da002d82509a07e35dd9c669cee26": 0.022727272727272728,
      "0x39f6a6c85d39d5abad8a398310c52e7c374f2ba3": 0.022727272727272728,
      "0x09a3db925d50d5e54518c81ffa40c532aa203398": 0.022727272727272728,
      "0x988a7bc24a9d0fa49989fb9734bda30f55760ceb": 0.022727272727272728,
      "0xe197d3cf2c0705b253ffcf4901d06c5e285390af": 0.022727272727272728,
      "0xa32043305cab58eca36badc26e62b7af83dc825b": 0.022727272727272728,
      "0x8c8562686175b9c6fa9d42be237d74e621d39ba4": 0.022727272727272728,
      "0x000000ef6c8911a79553396cb9ed60b463aca636": 0.022727272727272728,
      "0x9aa588bda05788ef553c7fd1eaf853dba69ddbf7": 0.022727272727272728,
      "0x50e3d53b4a22e94ee1ce5c3a852d94d145d5852e": 0.022727272727272728,
      "0x8c54085ad729fde488338fc50cfc8dfd5e2b5b89": 1.0454545454545454,
      "0xcec8f07014d889442d7cf3b477b8f72f8179ea09": 0.022727272727272728,
      "0xdc5864ede28bd4405aa04d93e05a0531797d9d59": 0.022727272727272728,
      "0x5140cc54bb876abe1ba67d15ac66ad2d42fdf46a": 0.022727272727272728,
      "0x73bb02a07f32a0519a50aa249dc18ca317a9ef69": 0.022727272727272728,
      "0x34f08f2a3f4a86531e9c4139fde571a62689afec": 0.022727272727272728,
      "0xdab1109e1b1a3ec348e6a247002cd8431721a4a2": 0.022727272727272728,
      "0x3716a0d2687cedc1b021c34016f1d69d1b950da3": 0.022727272727272728,
      "0x5afe3855358e112b5647b952709e6165e1c1eeee": 0.022727272727272728,
      "0x0e3eb2eab0e524b69c79e24910f4318db46baa9c": 0.022727272727272728,
      "0x11111d7ce612292acfd83355383e09a88c742202": 0.022727272727272728,
      "0x807dd46f267b921efd4e3a92734a77b2e7a177ea": 0.022727272727272728,
      "0x8b69a75774ac4ea498b540d5b23a003631bc8282": 0.022727272727272728,
      "0x3deffdb7004b1b4c5388f5a0ee7c2031c0ad375d": 0.022727272727272728,
      "0x0676e41559d015a4eeba2469eaae96691997f8e6": 0.022727272727272728,
      "0xb584d4be1a5470ca1a8778e9b86c81e165204599": 0.022727272727272728,
      "0x52f8acd56a923719f5b50ffdde7e2fce1b8172e9": 0.022727272727272728,
      "0x9a20776f74b24c4a954141374cda9d74be465f82": 0.022727272727272728,
      "0x941d370ac6f0297351deb93565ed968ef05d6216": 0.022727272727272728,
      "0x08d012a3d634cb153e11f7d76ba53f59cd8cfb0a": 0.022727272727272728
    },
    "betweenness_centrality": {
      "0x15de1beb13d7d38cbc493d3ecbc0c7650e715c22": 0.0,
      "0x6cbb99d65c2cbc72f25104c83af936883fa090f4": 0.0,
      "0x8e060a55d66035cb7a08857658995c9281068144": 0.0,
      "0x3a03c7dc0e5f9e4baa1df35a6b6e1953df42d80e": 0.0,
      "0xde98f88a008521c386740d308b95cbc21bf7ba6b": 0.0,
      "0x3b12c6f449c4846a020aed765a7e42dce8c5183b": 0.0,
      "0x18aecea1db321bedc7c17b155fe2db4e599fb290": 0.0,
      "0xfaafdc07907ff5120a76b34b731b278c38d6043c": 0.0,
      "0xa507f57e8268df78eababdd3766286e556d3ccd2": 0.0,
      "0x82ea9ad6cab1be154c154ce575e4269698c386a4": 0.0,
      "0x5dbcbf2a665ccda47e98c9b9290c5fa15e2d7cf5": 0.0,
      "0x19042021329fddcfbea5f934fb5b2670c91f7d20": 0.0,
      "0xbca64241b4c7d3d2ca36c91facc69663b4517f54": 0.0,
      "0xf56b07ab0e46afef054ae0a58d4195ee944bea93": 0.0,
      "0x71a6383440229bd8e749d48d035410962df51581": 0.0,
      "0x6083eea8b29da002d82509a07e35dd9c669cee26": 0.0,
      "0x39f6a6c85d39d5abad8a398310c52e7c374f2ba3": 0.0,
      "0x09a3db925d50d5e54518c81ffa40c532aa203398": 0.0,
      "0x988a7bc24a9d0fa49989fb9734bda30f55760ceb": 0.0,
      "0xe197d3cf2c0705b253ffcf4901d06c5e285390af": 0.0,
      "0xa32043305cab58eca36badc26e62b7af83dc825b": 0.0,
      "0x8c8562686175b9c6fa9d42be237d74e621d39ba4": 0.0,
      "0x000000ef6c8911a79553396cb9ed60b463aca636": 0.0,
      "0x9aa588bda05788ef553c7fd1eaf853dba69ddbf7": 0.0,
      "0x50e3d53b4a22e94ee1ce5c3a852d94d145d5852e": 0.0,
      "0x8c54085ad729fde488338fc50cfc8dfd5e2b5b89": 1.0,
      "0xcec8f07014d889442d7cf3b477b8f72f8179ea09": 0.0,
      "0xdc5864ede28bd4405aa04d93e05a0531797d9d59": 0.0,
      "0x5140cc54bb876abe1ba67d15ac66ad2d42fdf46a": 0.0,
      "0x73bb02a07f32a0519a50aa249dc18ca317a9ef69": 0.0,
      "0x34f08f2a3f4a86531e9c4139fde571a62689afec": 0.0,
      "0xdab1109e1b1a3ec348e6a247002cd8431721a4a2": 0.0,
      "0x3716a0d2687cedc1b021c34016f1d69d1b950da3": 0.0,
      "0x5afe3855358e112b5647b952709e6165e1c1eeee": 0.0,
      "0x0e3eb2eab0e524b69c79e24910f4318db46baa9c": 0.0,
      "0x11111d7ce612292acfd83355383e09a88c742202": 0.0,
      "0x807dd46f267b921efd4e3a92734a77b2e7a177ea": 0.0,
      "0x8b69a75774ac4ea498b540d5b23a003631bc8282": 0.0,
      "0x3deffdb7004b1b4c5388f5a0ee7c2031c0ad375d": 0.0,
      "0x0676e41559d015a4eeba2469eaae96691997f8e6": 0.0,
      "0xb584d4be1a5470ca1a8778e9b86c81e165204599": 0.0,
      "0x52f8acd56a923719f5b50ffdde7e2fce1b8172e9": 0.0,
      "0x9a20776f74b24c4a954141374cda9d74be465f82": 0.0,
      "0x941d370ac6f0297351deb93565ed968ef05d6216": 0.0,
      "0x08d012a3d634cb153e11f7d76ba53f59cd8cfb0a": 0.0
    },
    "closeness_centrality": {
      "0x15de1beb13d7d38cbc493d3ecbc0c7650e715c22": 0.5057471264367817,
      "0x6cbb99d65c2cbc72f25104c83af936883fa090f4": 0.5057471264367817,
      "0x8e060a55d66035cb7a08857658995c9281068144": 0.5057471264367817,
      "0x3a03c7dc0e5f9e4baa1df35a6b6e1953df42d80e": 0.5057471264367817,
      "0xde98f88a008521c386740d308b95cbc21bf7ba6b": 0.5057471264367817,
      "0x3b12c6f449c4846a020aed765a7e42dce8c5183b": 0.5057471264367817,
      "0x18aecea1db321bedc7c17b155fe2db4e599fb290": 0.5057471264367817,
      "0xfaafdc07907ff5120a76b34b731b278c38d6043c": 0.5057471264367817,
      "0xa507f57e8268df78eababdd3766286e556d3ccd2": 0.5057471264367817,
      "0x82ea9ad6cab1be154c154ce575e4269698c386a4": 0.5057471264367817,
      "0x5dbcbf2a665ccda47e98c9b9290c5fa15e2d7cf5": 0.5057471264367817,
      "0x19042021329fddcfbea5f934fb5b2670c91f7d20": 0.5057471264367817,
      "0xbca64241b4c7d3d2ca36c91facc69663b4517f54": 0.5057471264367817,
      "0xf56b07ab0e46afef054ae0a58d4195ee944bea93": 0.5057471264367817,
      "0x71a6383440229bd8e749d48d035410962df51581": 0.5057471264367817,
      "0x6083eea8b29da002d82509a07e35dd9c669cee26": 0.5057471264367817,
      "0x39f6a6c85d39d5abad8a398310c52e7c374f2ba3": 0.5057471264367817,
      "0x09a3db925d50d5e54518c81ffa40c532aa203398": 0.5057471264367817,
      "0x988a7bc24a9d0fa49989fb9734bda30f55760ceb": 0.5057471264367817,
      "0xe197d3cf2c0705b253ffcf4901d06c5e285390af": 0.5057471264367817,
      "0xa32043305cab58eca36badc26e62b7af83dc825b": 0.5057471264367817,
      "0x8c8562686175b9c6fa9d42be237d74e621d39ba4": 0.5057471264367817,
      "0x000000ef6c8911a79553396cb9ed60b463aca636": 0.5057471264367817,