{
  "25": {
    "number_of_nodes": 38,
    "number_of_edges": 38,
    "density": 0.05405405405405406,
    "clustering_coefficient": 0.0,
    "assortativity_coefficient": -0.9736842105263158,
    "degree_centrality": {
      "0xac88f263b2d3f75370154092398d1572864e6220": 0.02702702702702703,
      "0x3379536969a63467a85600f8fab93d1faa22b731": 1.0540540540540542,
      "0x4229032e6cdb11113dd685c50586dedc990863ed": 0.02702702702702703,
      "0xb1eecfea192907fc4bf9c4ce99ac07186075fc51": 0.02702702702702703,
      "0xf0001404af30de4b683f45f282407f13c537d602": 0.02702702702702703,
      "0xf19f4490a7fccfef2dab8199acdb2dc1b9027c18": 0.02702702702702703,
      "0xa1147793530694340af6492d15ec5f3b00b28208": 0.02702702702702703,
      "0xadb1d58eb894718eb352a1f87b4428ac29425476": 0.02702702702702703,
      "0xed9d63a96c27f87b07115b56b2e3572827f21646": 0.02702702702702703,
      "0x498c5431eb517101582988fbb36431ddaac8f4b1": 0.02702702702702703,
      "0xd158aff2fd7dbc840e7793560ec311702b493169": 0.02702702702702703,
      "0x0c30a14aac291b7bd00bcb35d4acf35c35a3ce9b": 0.02702702702702703,
      "0x1316ccab20cfb15389eddab15fc976e59965ee28": 0.02702702702702703,
      "0x7859da9068785daecbc057a2ac3c9ab8c8289acd": 0.02702702702702703,
      "0x08d01648ba8c7c4d67891425321360295325255c": 0.02702702702702703,
      "0x5afaa0d68bd9261c5e79a878a90cae588023308c": 0.02702702702702703,
      "0x30cbcf6fdd63e5593b39d5eb5b1f18febd8f3e05": 0.02702702702702703,
      "0xcdbfce6d74096b94203ca61459a13da6e9bcab1d": 0.02702702702702703,
      "0x4cb148568dfb6ff45aece5aaf8cbda8ced64d98a": 0.02702702702702703,
      "0x1a457ec9155b72d0d8a9048803cf2915643de833": 0.02702702702702703,
      "0xe2a88b2957a8ebaabf1d3c1d099c8655e23dfe35": 0.02702702702702703,
      "0x119fc5d5864df1526b7a8c782bdadf4a8ac01766": 0.02702702702702703,
      "0x01f7fd324b366380d2145dfa6c7a76fdb75f17b9": 0.02702702702702703,
      "0xe4012a6392527d6e24df2b90b56c3fdb3f5598be": 0.02702702702702703,
      "0xf6e7d7ba82f92fc4415918d82ebbaa2f125b2e12": 0.02702702702702703,
      "0x52890a0c018fbab21794ad18e15f87fdb57fb975": 0.02702702702702703,
      "0x991a98f2d738234e7618fb876edd67d426ecc46c": 0.02702702702702703,
      "0x2e14954fd83b1a3d39aecee004d14c28454a0b3d": 0.02702702702702703,
      "0xb33f31bb57dc2f07bc19aa889ca42bcd58052f3e": 0.02702702702702703,
      "0xa9ef327e52000b3009725c68bae5a64e6beae8c3": 0.02702702702702703,
      "0x5919e30d3fbfcc9e124fd45c578aefa85fddce2c": 0.02702702702702703,
      "0xb7cfcbccac72dc7b3bd4a3dee1ab2a5ac88afad8": 0.02702702702702703,
      "0xc8f2e91dc9d198eded1b2778f6f2a7fd5bbeac34": 0.02702702702702703,
      "0xd0f05f157ab49b537009594d4605f8ac9564b34b": 0.02702702702702703,
      "0x2c1bcf98b33ac1e6f24cf4f2fccfb40a38cbb867": 0.02702702702702703,
      "0xe13d45cb145ef188ab72852c8a0486ea075dca1a": 0.02702702702702703,
      "0x3423c8af3a95d9fee7ec06c4e0e905d4fd559f89": 0.02702702702702703,
      "0x6cb010870d61cc35a47df16e0077be315a76b320": 0.02702702702702703
    },
    "betweenness_centrality": {
      "0xac88f263b2d3f75370154092398d1572864e6220": 0.0,
      "0x3379536969a63467a85600f8fab93d1faa22b731": 1.0,
      "0x4229032e6cdb11113dd685c50586dedc990863ed": 0.0,
      "0xb1eecfea192907fc4bf9c4ce99ac07186075fc51": 0.0,
      "0xf0001404af30de4b683f45f282407f13c537d602": 0.0,
      "0xf19f4490a7fccfef2dab8199acdb2dc1b9027c18": 0.0,
      "0xa1147793530694340af6492d15ec5f3b00b28208": 0.0,
      "0xadb1d58eb894718eb352a1f87b4428ac29425476": 0.0,
      "0xed9d63a96c27f87b07115b56b2e3572827f21646": 0.0,
      "0x498c5431eb517101582988fbb36431ddaac8f4b1": 0.0,
      "0xd158aff2fd7dbc840e7793560ec311702b493169": 0.0,
      "0x0c30a14aac291b7bd00bcb35d4acf35c35a3ce9b": 0.0,
      "0x1316ccab20cfb15389eddab15fc976e59965ee28": 0.0,
      "0x7859da9068785daecbc057a2ac3c9ab8c8289acd": 0.0,
      "0x08d01648ba8c7c4d67891425321360295325255c": 0.0,
      "0x5afaa0d68bd9261c5e79a878a90cae588023308c": 0.0,
      "0x30cbcf6fdd63e5593b39d5eb5b1f18febd8f3e05": 0.0,
      "0xcdbfce6d74096b94203ca61459a13da6e9bcab1d": 0.0,
      "0x4cb148568dfb6ff45aece5aaf8cbda8ced64d98a": 0.0,
      "0x1a457ec9155b72d0d8a9048803cf2915643de833": 0.0,
      "0xe2a88b2957a8ebaabf1d3c1d099c8655e23dfe35": 0.0,
      "0x119fc5d5864df1526b7a8c782bdadf4a8ac01766": 0.0,
      "0x01f7fd324b366380d2145dfa6c7a76fdb75f17b9": 0.0,
      "0xe4012a6392527d6e24df2b90b56c3fdb3f5598be": 0.0,
      "0xf6e7d7ba82f92fc4415918d82ebbaa2f125b2e12": 0.0,
      "0x52890a0c018fbab21794ad18e15f87fdb57fb975": 0.0,
      "0x991a98f2d738234e7618fb876edd67d426ecc46c": 0.0,
      "0x2e14954fd83b1a3d39aecee004d14c28454a0b3d": 0.0,
      "0xb33f31bb57dc2f07bc19aa889ca42bcd58052f3e": 0.0,
      "0xa9ef327e52000b3009725c68bae5a64e6beae8c3": 0.0,
      "0x5919e30d3fbfcc9e124fd45c578aefa85fddce2c": 0.0,
      "0xb7cfcbccac72dc7b3bd4a3dee1ab2a5ac88afad8": 0.0,
      "0xc8f2e91dc9d198eded1b2778f6f2a7fd5bbeac34": 0.0,
      "0xd0f05f157ab49b537009594d4605f8ac9564b34b": 0.0,
      "0x2c1bcf98b33ac1e6f24cf4f2fccfb40a38cbb867": 0.0,
      "0xe13d45cb145ef188ab72852c8a0486ea075dca1a": 0.0,
      "0x3423c8af3a95d9fee7ec06c4e0e905d4fd559f89": 0.0,
      "0x6cb010870d61cc35a47df16e0077be315a76b320": 0.0
    },
    "closeness_centrality": {
      "0xac88f263b2d3f75370154092398d1572864e6220": 0.5068493150684932,
      "0x3379536969a63467a85600f8fab93d1faa22b731": 1.0,
      "0x4229032e6cdb11113dd685c50586dedc990863ed": 0.5068493150684932,
      "0xb1eecfea192907fc4bf9c4ce99ac07186075fc51": 0.5068493150684932,
      "0xf0001404af30de4b683f45f282407f13c537d602": 0.5068493150684932,
      "0xf19f4490a7fccfef2dab8199acdb2dc1b9027c18": 0.5068493150684932,
      "0xa1147793530694340af6492d15ec5f3b00b28208": 0.5068493150684932,
      "0xadb1d58eb894718eb352a1f87b4428ac29425476": 0.5068493150684932,
      "0xed9d63a96c27f87b07115b56b2e3572827f21646": 0.5068493150684932,
      "0x498c5431eb517101582988fbb36431ddaac8f4b1": 0.5068493150684932,
      "0xd158aff2fd7dbc840e7793560ec311702b493169": 0.5068493150684932,
      "0x0c30a14aac291b7bd00bcb35d4acf35c35a3ce9b": 0.5068493150684932,
      "0x1316ccab20cfb15389eddab15fc976e59965ee28": 0.5068493150684932,
      "0x7859da9068785daecbc057a2ac3c9ab8c8289acd": 0.5068493150684932,
      "0x08d01648ba8c7c4d67891425321360295325255c": 0.5068493150684932,
      "0x5afaa0d68bd9261c5e79a878a90cae588023308c": 0.5068493150684932,
      "0x30cbcf6fdd63e5593b39d5eb5b1f18febd8f3e05": 0.5068493150684932,
      "0xcdbfce6d74096b94203ca61459a13da6e9bcab1d": 0.5068493150684932,
      "0x4cb148568dfb6ff45aece5aaf8cbda8ced64d98a": 0.5068493150684932,
      "0x1a457ec9155b72d0d8a9048803cf2915643de833": 0.5068493150684932,
      "0xe2a88b2957a8ebaabf1d3c1d099c8655e23dfe35": 0.5068493150684932,
      "0x119fc5d5864df1526b7a8c782bdadf4a8ac01766": 0.5068493150684932,
      "0x01f7fd324b366380d2145dfa6c7a76fdb75f17b9": 0.5068493150684932,
      "0xe4012a6392527d6e24df2b90b56c3fdb3f5598be": 0.5068493150684932,
      "0xf6e7d7ba82f92fc4415918d82ebbaa2f125b2e12": 0.5068493150684932,
      "0x52890a0c018fbab21794ad18e15f87fdb57fb975": 0.5068493150684932,
      "0x991a98f2d738234e7618fb876edd67d426ecc46c": 0.5068493150684932,
      "0x2e14954fd83b1a3d39aecee004d14c28454a0b3d": 0.5068493150684932,
      "0xb33f31bb57dc2f07bc19aa889ca42bcd58052f3e": 0.5068493150684932,
      "0xa9ef327e52000b3009725c68bae5a64e6beae8c3": 0.5068493150684932,
      "0x5919e30d3fbfcc9e124fd45c578aefa85fddce2c": 0.5068493150684932,
      "0xb7cfcbccac72dc7b3bd4a3dee1ab2a5ac88afad8": 0.5068493150684932,
      "0xc8f2e91dc9d198eded1b2778f6f2a7fd5bbeac34": 0.5068493150684932,
      "0xd0f05f157ab49b537009594d4605f8ac9564b34b": 0.5068493150684932,
      "0x2c1bcf98b33ac1e6f24cf4f2fccfb40a38cbb867": 0.5068493150684932,
      "0xe13d45cb145ef188ab72852c8a0486ea075dca1a": 0.5068493150684932,