{
  "12": {
    "number_of_nodes": 50,
    "number_of_edges": 50,
    "density": 0.04081632653061224,
    "clustering_coefficient": 0.0,
    "assortativity_coefficient": -0.98,
    "degree_centrality": {
      "0x7169de0c4046af90a9863f3a48aff9c93605da78": 0.02040816326530612,
      "0x5c044ca8eebab5e982bc61f75f6cce677397a899": 0.02040816326530612,
      "0x1fa82e114cc72a5a787eab2f5a53b40187655d23": 0.02040816326530612,
      "0x0e36db06338019c3dcc3635599ddf8da26b7eb82": 0.02040816326530612,
      "0xa7de087329bfcda5639247f96140f9dabe3deed1": 0.02040816326530612,
      "0x6b6b9f99ebab25fe28eb818bc1015c142874b1c6": 0.02040816326530612,
      "0x1309a99b86bd1003d9a6e2556c85dab9edf4423e": 0.02040816326530612,
      "0x55b1a3a3df4b3b9db46727a366d8ee7405b571f2": 0.02040816326530612,
      "0x923e2faecbe8dc38a6bffb846c681ef841ff7cf7": 0.02040816326530612,
      "0xcdf5090f58afecd5eb60b9d681cba13db3b99694": 0.02040816326530612,
      "0x2b219526eaf964d680738d411f1434a8afaf092d": 0.02040816326530612,
      "0x2a2ee9a75ac01950edc2e3a85013178b0e274875": 0.02040816326530612,
      "0xc26ac81ad701843ae885fdfec97f46b6bfea6b22": 0.02040816326530612,
      "0x941f40c2955ee09ba638409f67ef27c531fc055c": 0.02040816326530612,
      "0x0e0745098d7b13c1ef99188005ca3bbec4070d6f": 0.02040816326530612,
      "0xd3fd32e76a1ca37ec408aac47776b10fc099f841": 0.02040816326530612,
      "0xe602a2699e6d8a3dd1eaf15e02497a1c702c7d0c": 0.02040816326530612,
      "0x59f96b8571e3b11f859a09eaf5a790a138fc64d0": 0.02040816326530612,
      "0x0bc70b211eb6a64b60a1ad1ed0dd3df15e17c85f": 0.02040816326530612,
      "0x6c5e26b3f667efef6762238448caac3583ab82de": 0.02040816326530612,
      "0x1d6821c8e7b2246f535205cd0663689407004811": 0.02040816326530612,
      "0x2dcdf77e4f12bfb9e153833d0f69c55061282ae5": 0.02040816326530612,
      "0x528d24c6f7cc236a466f5136b86d060b2d7102cf": 0.02040816326530612,
      "0xfc9c45516f0c1e0715898b63d834308839cd0b35": 1.040816326530612,
      "0xfda532cb8ba416df7af772aa21054a6676c20779": 0.02040816326530612,
      "0x75e70b6399a2b0498cabc4b82175bd862d654aa2": 0.02040816326530612,
      "0x901831f417998747dd775e1d6e453c823b280880": 0.02040816326530612,
      "0x2f86dd021972e76754840ad623b37dae0b9f97f7": 0.02040816326530612,
      "0xe6e699fbefa1641ccff37882ebc52f39063e71b3": 0.02040816326530612,
      "0x35dd8fc4537bc2c0666e38fcfa9841a1d64e0ca7": 0.02040816326530612,
      "0xe77175df656af4ba2e8351670a97f6be62e01755": 0.02040816326530612,
      "0xca6ed6b273f1568b87afa2ca55c11607b7053930": 0.02040816326530612,
      "0x9183b548bda4bc94cf077466b338f43d3ad29db3": 0.02040816326530612,
      "0x8bbcb4d259b0f52e4bcf32210cae0bc91a677cdb": 0.02040816326530612,
      "0xe1835f855b8e647f89f978894eaee00b7ca23ebd": 0.02040816326530612,
      "0x90fb32e2827b33738721cac1ea462262ceb98f64": 0.02040816326530612,
      "0x9a75d93f1eddd752b4246c92340b2e7dacccb67f": 0.02040816326530612,
      "0x408611a4a86cc3db0b307a72bc9583f2fa66c292": 0.02040816326530612,
      "0x800ae181b554a71b55dac7736ec2490c9c97ad23": 0.02040816326530612,
      "0x97b7b0c0124b3afd05c445de91e15d4cacea7931": 0.02040816326530612,
      "0x0a69ac2f3a50126346d40a3607b2f485a714d908": 0.02040816326530612,
      "0x1bf38292cdcaee598335f1f871e0a6f3fe8173b5": 0.02040816326530612,
      "0x8fdc5237b06f851d459e9c5befc8792ad278bb00": 0.02040816326530612,
      "0x3fcb3018cbd53e0a6c93048eb5c7199487d7b7fe": 0.02040816326530612,
      "0xb81d70802a816b5dacba06d708b5acf19dcd436d": 0.02040816326530612,
      "0x8ac44cb68fb97824657ea8f782c72cc0d4261e1c": 0.02040816326530612,
      "0x0496cbad3b943cc246aa793ab069bfc5516961ef": 0.02040816326530612,
      "0x40c197237594fa880d7537314b0171679e7dcec3": 0.02040816326530612,
      "0x7aa48800c1f5cb80a670cb66635dd382237777c6": 0.02040816326530612,
      "0xaa7b3b95ec906f464e13b1472a1bc4f715e81106": 0.02040816326530612
    },
    "betweenness_centrality": {
      "0x7169de0c4046af90a9863f3a48aff9c93605da78": 0.0,
      "0x5c044ca8eebab5e982bc61f75f6cce677397a899": 0.0,
      "0x1fa82e114cc72a5a787eab2f5a53b40187655d23": 0.0,
      "0x0e36db06338019c3dcc3635599ddf8da26b7eb82": 0.0,
      "0xa7de087329bfcda5639247f96140f9dabe3deed1": 0.0,
      "0x6b6b9f99ebab25fe28eb818bc1015c142874b1c6": 0.0,
      "0x1309a99b86bd1003d9a6e2556c85dab9edf4423e": 0.0,
      "0x55b1a3a3df4b3b9db46727a366d8ee7405b571f2": 0.0,
      "0x923e2faecbe8dc38a6bffb846c681ef841ff7cf7": 0.0,
      "0xcdf5090f58afecd5eb60b9d681cba13db3b99694": 0.0,
      "0x2b219526eaf964d680738d411f1434a8afaf092d": 0.0,
      "0x2a2ee9a75ac01950edc2e3a85013178b0e274875": 0.0,
      "0xc26ac81ad701843ae885fdfec97f46b6bfea6b22": 0.0,
      "0x941f40c2955ee09ba638409f67ef27c531fc055c": 0.0,
      "0x0e0745098d7b13c1ef99188005ca3bbec4070d6f": 0.0,
      "0xd3fd32e76a1ca37ec408aac47776b10fc099f841": 0.0,
      "0xe602a2699e6d8a3dd1eaf15e02497a1c702c7d0c": 0.0,
      "0x59f96b8571e3b11f859a09eaf5a790a138fc64d0": 0.0,
      "0x0bc70b211eb6a64b60a1ad1ed0dd3df15e17c85f": 0.0,
      "0x6c5e26b3f667efef6762238448caac3583ab82de": 0.0,
      "0x1d6821c8e7b2246f535205cd0663689407004811": 0.0,
      "0x2dcdf77e4f12bfb9e153833d0f69c55061282ae5": 0.0,
      "0x528d24c6f7cc236a466f5136b86d060b2d7102cf": 0.0,
      "0xfc9c45516f0c1e0715898b63d834308839cd0b35": 1.0,
      "0xfda532cb8ba416df7af772aa21054a6676c20779": 0.0,
      "0x75e70b6399a2b0498cabc4b82175bd862d654aa2": 0.0,
      "0x901831f417998747dd775e1d6e453c823b280880": 0.0,
      "0x2f86dd021972e76754840ad623b37dae0b9f97f7": 0.0,
      "0xe6e699fbefa1641ccff37882ebc52f39063e71b3": 0.0,
      "0x35dd8fc4537bc2c0666e38fcfa9841a1d64e0ca7": 0.0,
      "0xe77175df656af4ba2e8351670a97f6be62e01755": 0.0,
      "0xca6ed6b273f1568b87afa2ca55c11607b7053930": 0.0,
      "0x9183b548bda4bc94cf077466b338f43d3ad29db3": 0.0,
      "0x8bbcb4d259b0f52e4bcf32210cae0bc91a677cdb": 0.0,
      "0xe1835f855b8e647f89f978894eaee00b7ca23ebd": 0.0,
      "0x90fb32e2827b33738721cac1ea462262ceb98f64": 0.0,
      "0x9a75d93f1eddd752b4246c92340b2e7dacccb67f": 0.0,
      "0x408611a4a86cc3db0b307a72bc9583f2fa66c292": 0.0,
      "0x800ae181b554a71b55dac7736ec2490c9c97ad23": 0.0,
      "0x97b7b0c0124b3afd05c445de91e15d4cacea7931": 0.0,
      "0x0a69ac2f3a50126346d40a3607b2f485a714d908": 0.0,
      "0x1bf38292cdcaee598335f1f871e0a6f3fe8173b5": 0.0,
      "0x8fdc5237b06f851d459e9c5befc8792ad278bb00": 0.0,
      "0x3fcb3018cbd53e0a6c93048eb5c7199487d7b7fe": 0.0,
      "0xb81d70802a816b5dacba06d708b5acf19dcd436d": 0.0,
      "0x8ac44cb68fb97824657ea8f782c72cc0d4261e1c": 0.0,
      "0x0496cbad3b943cc246aa793ab069bfc5516961ef": 0.0,
      "0x40c197237594fa880d7537314b0171679e7dcec3": 0.0,
      "0x7aa48800c1f5cb80a670cb66635dd382237777c6": 0.0,
      "0xaa7b3b95ec906f464e13b1472a1bc4f715e81106": 0.0
    },
    "closeness_centrality": {
      "0x7169de0c4046af90a9863f3a48aff9c93605da78": 0.5051546391752577,
      "0x5c044ca8eebab5e982bc61f75f6cce677397a899": 0.5051546391752577,
      "0x1fa82e114cc72a5a787eab2f5a53b40187655d23": 0.5051546391752577,
      "0x0e36db06338019c3dcc3635599ddf8da26b7eb82": 0.5051546391752577,
      "0xa7de087329bfcda5639247f96140f9dabe3deed1": 0.5051546391752577,
      "0x6b6b9f99ebab25fe28eb818bc1015c142874b1c6": 0.5051546391752577,
      "0x1309a99b86bd1003d9a6e2556c85dab9edf4423e": 0.5051546391752577,
      "0x55b1a3a3df4b3b9db46727a366d8ee7405b571f2": 0.5051546391752577,
      "0x923e2faecbe8dc38a6bffb846c681ef841ff7cf7": 0.5051546391752577,
      "0xcdf5090f58afecd5eb60b9d681cba13db3b99694": 0.5051546391752577,
      "0x2b219526eaf964d680738d411f1434a8afaf092d": 0.5051546391752577,
      "0x2a2ee9a75ac01950edc2e3a85013178b0e274875": 0.5051546391752577,
      "0xc26ac81ad701843ae885fdfec97f46b6bfea6b22": 0.5051546391752577,
      "0x941f40c2955ee09ba638409f67ef27c531fc055c": 0.5051546391752577,
      "0x0e0745098d7b13c1ef99188005ca3bbec4070d6f": 0.5051546391752577,